,uid,nprocs,run_time,exe,POSIX_agg_perf_by_slowest,POSIX_TOTAL_FILES,POSIX_READ_ONLY_FILES,POSIX_WRITE_ONLY_FILES,POSIX_READ_WRITE_FILES,POSIX_UNIQUE_FILES,POSIX_SHARE_FILES,POSIX_OPENS,POSIX_FILENOS,POSIX_DUPS,POSIX_READS,POSIX_WRITES,POSIX_SEEKS,POSIX_STATS,POSIX_MMAPS,POSIX_FSYNCS,POSIX_FDSYNCS,POSIX_RENAME_SOURCES,POSIX_RENAME_TARGETS,POSIX_RENAMED_FROM,POSIX_MODE,POSIX_BYTES_READ,POSIX_BYTES_WRITTEN,POSIX_MAX_BYTE_READ,POSIX_MAX_BYTE_WRITTEN,POSIX_CONSEC_READS,POSIX_CONSEC_WRITES,POSIX_SEQ_READS,POSIX_SEQ_WRITES,POSIX_RW_SWITCHES,POSIX_MEM_NOT_ALIGNED,POSIX_MEM_ALIGNMENT,POSIX_FILE_NOT_ALIGNED,POSIX_FILE_ALIGNMENT,POSIX_MAX_READ_TIME_SIZE,POSIX_MAX_WRITE_TIME_SIZE,POSIX_SIZE_READ_0_100,POSIX_SIZE_READ_100_1K,POSIX_SIZE_READ_1K_10K,POSIX_SIZE_READ_10K_100K,POSIX_SIZE_READ_100K_1M,POSIX_SIZE_READ_1M_4M,POSIX_SIZE_READ_4M_10M,POSIX_SIZE_READ_10M_100M,POSIX_SIZE_READ_100M_1G,POSIX_SIZE_READ_1G_PLUS,POSIX_SIZE_WRITE_0_100,POSIX_SIZE_WRITE_100_1K,POSIX_SIZE_WRITE_1K_10K,POSIX_SIZE_WRITE_10K_100K,POSIX_SIZE_WRITE_100K_1M,POSIX_SIZE_WRITE_1M_4M,POSIX_SIZE_WRITE_4M_10M,POSIX_SIZE_WRITE_10M_100M,POSIX_SIZE_WRITE_100M_1G,POSIX_SIZE_WRITE_1G_PLUS,POSIX_STRIDE1_STRIDE,POSIX_STRIDE2_STRIDE,POSIX_STRIDE3_STRIDE,POSIX_STRIDE4_STRIDE,POSIX_STRIDE1_COUNT,POSIX_STRIDE2_COUNT,POSIX_STRIDE3_COUNT,POSIX_STRIDE4_COUNT,POSIX_ACCESS1_ACCESS,POSIX_ACCESS2_ACCESS,POSIX_ACCESS3_ACCESS,POSIX_ACCESS4_ACCESS,POSIX_ACCESS1_COUNT,POSIX_ACCESS2_COUNT,POSIX_ACCESS3_COUNT,POSIX_ACCESS4_COUNT,POSIX_FASTEST_RANK,POSIX_FASTEST_RANK_BYTES,POSIX_SLOWEST_RANK,POSIX_SLOWEST_RANK_BYTES
0,10872,1,18.737453937530518,/thfs3/home/testpdl1/llama/llama.cpp.dsp/./build/bin/main -m /thfs3/home/testpdl1/llama/ggml.gguf -p What is Love? Love can be: -n 16 -t 4 -e ,568.0244605976693,1,1,0,0,1,0,1.0,0.0,0.0,1.0,0.0,0.0,1.0,-1.0,0.0,0.0,0.0,0.0,0.0,0.0,1230767.0,0.0,1230766.0,0.0,0.0,0.0,0.0,0.0,0.0,0.0,8.0,0.0,1048576.0,1230767.0,0.0,0.0,0.0,0.0,0.0,0.0,1.0,0.0,0.0,0.0,0.0,0.0,0.0,0.0,0.0,0.0,0.0,0.0,0.0,0.0,0.0,0.0,0.0,0.0,0.0,0.0,0.0,0.0,0.0,1230767.0,0.0,0.0,0.0,1.0,0.0,0.0,0.0,0.0,0.0,0.0,0.0
1,10872,1,0.009583234786987305,/thfs3/home/testpdl1/miniforge3/envs/torch2/bin/python -u bert_train.py ,11.781818181818181,1,0,1,0,1,0,1.0,1.0,0.0,0.0,11.0,0.0,0.0,-1.0,0.0,0.0,0.0,0.0,0.0,0.0,0.0,162.0,0.0,161.0,0.0,10.0,0.0,10.0,0.0,0.0,8.0,0.0,-1.0,0.0,20.0,0.0,0.0,0.0,0.0,0.0,0.0,0.0,0.0,0.0,0.0,11.0,0.0,0.0,0.0,0.0,0.0,0.0,0.0,0.0,0.0,0.0,0.0,0.0,0.0,0.0,0.0,0.0,0.0,1.0,20.0,16.0,27.0,3.0,2.0,2.0,1.0,0.0,0.0,0.0,0.0
2,10872,1,25.381682872772217,/thfs3/home/testpdl1/llama/llama.cpp.dsp/./build/bin/main -m /thfs3/home/testpdl1/llama/ggml.gguf -p What is Love? Love can be: -n 16 -t 4 -e ,224.38778486782132,1,1,0,0,1,0,1.0,0.0,0.0,1.0,0.0,0.0,1.0,-1.0,0.0,0.0,0.0,0.0,0.0,0.0,1230767.0,0.0,1230766.0,0.0,0.0,0.0,0.0,0.0,0.0,0.0,8.0,0.0,1048576.0,1230767.0,0.0,0.0,0.0,0.0,0.0,0.0,1.0,0.0,0.0,0.0,0.0,0.0,0.0,0.0,0.0,0.0,0.0,0.0,0.0,0.0,0.0,0.0,0.0,0.0,0.0,0.0,0.0,0.0,0.0,1230767.0,0.0,0.0,0.0,1.0,0.0,0.0,0.0,0.0,0.0,0.0,0.0
3,10803,32,6502.530299425125,/thfs3/home/stu2/vasp-6.3.2-gcc9.3.0-mpi-x/vasp ,226.45755766179266,18,5,10,1,11,7,1402.0,0.0,0.0,13580.0,19463.0,178.0,3434.0,-18.0,0.0,0.0,0.0,0.0,0.0,5694.0,761701216.0,804274705.0,711235223.0,804242410.0,12211.0,19381.0,12300.0,19438.0,1.0,0.0,144.0,31736.0,18874368.0,142877.0,112915.0,2752.0,0.0,5312.0,1.0,5515.0,0.0,0.0,0.0,0.0,0.0,16.0,32.0,10261.0,9154.0,0.0,0.0,0.0,0.0,0.0,0.0,384.0,128.0,256.0,38784.0,30.0,15.0,8.0,1.0,128070.0,162360.0,82684.0,17596.0,23774.0,6652.0,78.0,66.0,68.0,1605039.0,87.0,1487096977.0
4,10872,1,18.42111611366272,/thfs3/home/testpdl1/llama/llama.cpp.dsp.tj/./build/bin/main -m /thfs3/home/testpdl1/llama/ggml.gguf -p What is Love? Love can be: -n 16 -t 4 -e ,606.5132438092892,1,1,0,0,1,0,1.0,0.0,0.0,1.0,0.0,0.0,1.0,-1.0,0.0,0.0,0.0,0.0,0.0,0.0,1230767.0,0.0,1230766.0,0.0,0.0,0.0,0.0,0.0,0.0,0.0,8.0,0.0,1048576.0,1230767.0,0.0,0.0,0.0,0.0,0.0,0.0,1.0,0.0,0.0,0.0,0.0,0.0,0.0,0.0,0.0,0.0,0.0,0.0,0.0,0.0,0.0,0.0,0.0,0.0,0.0,0.0,0.0,0.0,0.0,1230767.0,0.0,0.0,0.0,1.0,0.0,0.0,0.0,0.0,0.0,0.0,0.0
5,10872,1,0.020290851593017578,/thfs3/home/testpdl1/miniforge3/envs/torch2/bin/python -c import sys;print(sys.path) ,9.0,1,0,1,0,1,0,1.0,1.0,0.0,0.0,11.0,0.0,0.0,-1.0,0.0,0.0,0.0,0.0,0.0,0.0,0.0,162.0,0.0,161.0,0.0,10.0,0.0,10.0,0.0,0.0,8.0,0.0,-1.0,0.0,20.0,0.0,0.0,0.0,0.0,0.0,0.0,0.0,0.0,0.0,0.0,11.0,0.0,0.0,0.0,0.0,0.0,0.0,0.0,0.0,0.0,0.0,0.0,0.0,0.0,0.0,0.0,0.0,0.0,1.0,20.0,16.0,27.0,3.0,2.0,2.0,1.0,0.0,0.0,0.0,0.0
6,10872,1,44.82237267494202,/thfs3/home/testpdl1/llama/llama.cpp.dsp/./build/bin/main -m /thfs3/home/testpdl1/llama/ggml.gguf -p What is Love? Love can be: -n 32 -t 4 -e ,186.71218266486406,1,1,0,0,1,0,1.0,0.0,0.0,1.0,0.0,0.0,1.0,-1.0,0.0,0.0,0.0,0.0,0.0,0.0,1242943.0,0.0,1242942.0,0.0,0.0,0.0,0.0,0.0,0.0,0.0,8.0,0.0,1048576.0,1242943.0,0.0,0.0,0.0,0.0,0.0,0.0,1.0,0.0,0.0,0.0,0.0,0.0,0.0,0.0,0.0,0.0,0.0,0.0,0.0,0.0,0.0,0.0,0.0,0.0,0.0,0.0,0.0,0.0,0.0,1242943.0,0.0,0.0,0.0,1.0,0.0,0.0,0.0,0.0,0.0,0.0,0.0
7,10872,1,37.537545680999756,/thfs3/home/testpdl1/llama/llama.cpp.dsp/./build/bin/main -m /thfs3/home/testpdl1/llama/llama.cpp.dsp/models/7B/ggml-model-f16-transpose.gguf -p What is Love? Love can be: -n 16 -t 4 -e ,182.20963131276113,1,1,0,0,1,0,1.0,0.0,0.0,1.0,0.0,0.0,1.0,-1.0,0.0,0.0,0.0,0.0,0.0,0.0,1242943.0,0.0,1242942.0,0.0,0.0,0.0,0.0,0.0,0.0,0.0,8.0,0.0,1048576.0,1242943.0,0.0,0.0,0.0,0.0,0.0,0.0,1.0,0.0,0.0,0.0,0.0,0.0,0.0,0.0,0.0,0.0,0.0,0.0,0.0,0.0,0.0,0.0,0.0,0.0,0.0,0.0,0.0,0.0,0.0,1242943.0,0.0,0.0,0.0,1.0,0.0,0.0,0.0,0.0,0.0,0.0,0.0
8,10803,64,988.3907432556152,/thfs3/home/stu2/vasp-6.3.2-gcc9.3.0-mpi-x/vasp ,264.3030982634752,17,4,9,2,11,6,1688.0,0.0,0.0,22153.0,33544.0,1330.0,3686.0,-17.0,0.0,0.0,0.0,0.0,0.0,5694.0,1096872629.0,1064685659.0,1016411478.0,1064677424.0,19228.0,33528.0,20489.0,33532.0,2.0,0.0,136.0,53948.0,17825792.0,156750.0,646387.0,1986.0,0.0,18403.0,0.0,1764.0,0.0,0.0,0.0,0.0,0.0,4.0,1128.0,30878.0,6.0,1528.0,0.0,0.0,0.0,0.0,0.0,608.0,560.0,552.0,481104.0,375.0,375.0,375.0,69.0,672031.0,658328.0,636387.0,634719.0,40034.0,10092.0,410.0,385.0,86.0,1553935.0,144.0,2012158393.0
9,10872,1,0.010809183120727539,/thfs3/home/testpdl1/miniforge3/envs/torch2/bin/python -c import sys;print(sys.path) ,10.125,1,0,1,0,1,0,1.0,1.0,0.0,0.0,11.0,0.0,0.0,-1.0,0.0,0.0,0.0,0.0,0.0,0.0,0.0,162.0,0.0,161.0,0.0,10.0,0.0,10.0,0.0,0.0,8.0,0.0,-1.0,0.0,20.0,0.0,0.0,0.0,0.0,0.0,0.0,0.0,0.0,0.0,0.0,11.0,0.0,0.0,0.0,0.0,0.0,0.0,0.0,0.0,0.0,0.0,0.0,0.0,0.0,0.0,0.0,0.0,0.0,1.0,20.0,16.0,27.0,3.0,2.0,2.0,1.0,0.0,0.0,0.0,0.0
10,10803,32,7229.558386802673,/thfs3/home/stu2/vasp-6.3.2-gcc9.3.0-mpi-x/vasp ,229.09145152134352,18,5,10,1,11,7,1402.0,0.0,0.0,13580.0,18831.0,178.0,3434.0,-18.0,0.0,0.0,0.0,0.0,0.0,5694.0,761701216.0,799891156.0,711235223.0,799858861.0,12211.0,18749.0,12300.0,18806.0,1.0,0.0,144.0,31104.0,18874368.0,142877.0,112723.0,2752.0,0.0,5312.0,1.0,5515.0,0.0,0.0,0.0,0.0,0.0,16.0,33.0,9628.0,9154.0,0.0,0.0,0.0,0.0,0.0,0.0,384.0,128.0,256.0,38784.0,30.0,15.0,8.0,1.0,127878.0,162460.0,82459.0,17878.0,23138.0,6649.0,75.0,66.0,35.0,1605039.0,97.0,1484207229.0
11,10872,1,20.062551975250244,/thfs3/home/testpdl1/llama/llama.cpp.dsp/./build/bin/main -m /thfs3/home/testpdl1/llama/ggml.gguf -p What is Love? Love can be: -n 16 -t 4 -e ,520.1339672477549,1,1,0,0,1,0,1.0,0.0,0.0,1.0,0.0,0.0,1.0,-1.0,0.0,0.0,0.0,0.0,0.0,0.0,1230767.0,0.0,1230766.0,0.0,0.0,0.0,0.0,0.0,0.0,0.0,8.0,0.0,1048576.0,1230767.0,0.0,0.0,0.0,0.0,0.0,0.0,1.0,0.0,0.0,0.0,0.0,0.0,0.0,0.0,0.0,0.0,0.0,0.0,0.0,0.0,0.0,0.0,0.0,0.0,0.0,0.0,0.0,0.0,0.0,1230767.0,0.0,0.0,0.0,1.0,0.0,0.0,0.0,0.0,0.0,0.0,0.0
12,10872,1,23.326805591583252,/thfs3/home/testpdl1/llama/llama.cpp.dsp/./build/bin/main -m /thfs3/home/testpdl1/llama/ggml.gguf -p What is Love? -n 16 -t 4 -e ,223.54211506152657,1,1,0,0,1,0,1.0,0.0,0.0,1.0,0.0,0.0,1.0,-1.0,0.0,0.0,0.0,0.0,0.0,0.0,1230767.0,0.0,1230766.0,0.0,0.0,0.0,0.0,0.0,0.0,0.0,8.0,0.0,1048576.0,1230767.0,0.0,0.0,0.0,0.0,0.0,0.0,1.0,0.0,0.0,0.0,0.0,0.0,0.0,0.0,0.0,0.0,0.0,0.0,0.0,0.0,0.0,0.0,0.0,0.0,0.0,0.0,0.0,0.0,0.0,1230767.0,0.0,0.0,0.0,1.0,0.0,0.0,0.0,0.0,0.0,0.0,0.0
13,10872,1,30.014604806900024,/thfs3/home/testpdl1/llama/llama.cpp.dsp/./build/bin/main -m /thfs3/home/testpdl1/llama/llama.cpp.dsp/models/7B/ggml-model-f16-transpose.gguf -p What is Love? Love can be: -n 16 -t 4 -e ,215.62961356637896,1,1,0,0,1,0,1.0,0.0,0.0,1.0,0.0,0.0,1.0,-1.0,0.0,0.0,0.0,0.0,0.0,0.0,1242943.0,0.0,1242942.0,0.0,0.0,0.0,0.0,0.0,0.0,0.0,8.0,0.0,1048576.0,1242943.0,0.0,0.0,0.0,0.0,0.0,0.0,1.0,0.0,0.0,0.0,0.0,0.0,0.0,0.0,0.0,0.0,0.0,0.0,0.0,0.0,0.0,0.0,0.0,0.0,0.0,0.0,0.0,0.0,0.0,1242943.0,0.0,0.0,0.0,1.0,0.0,0.0,0.0,0.0,0.0,0.0,0.0
14,10803,64,756.8722901344299,/thfs3/home/stu2/vasp-6.3.2-gcc9.3.0-mpi-x/vasp ,302.7232527761465,17,4,9,2,11,6,1688.0,0.0,0.0,22153.0,33915.0,1330.0,3686.0,-17.0,0.0,0.0,0.0,0.0,0.0,5694.0,1096872629.0,1063024480.0,1016411478.0,1063016245.0,19228.0,33899.0,20489.0,33903.0,2.0,0.0,136.0,54319.0,17825792.0,156750.0,643646.0,1986.0,0.0,18403.0,0.0,1764.0,0.0,0.0,0.0,0.0,0.0,380.0,753.0,31248.0,6.0,1528.0,0.0,0.0,0.0,0.0,0.0,608.0,560.0,552.0,481104.0,375.0,375.0,375.0,69.0,670098.0,656612.0,634650.0,632807.0,40034.0,10092.0,408.0,385.0,94.0,1553935.0,145.0,2010515513.0
15,10872,1,18.971463680267334,/thfs3/home/testpdl1/llama/llama.cpp.dsp/./build/bin/main -m /thfs3/home/testpdl1/llama/ggml.gguf -p What is Love? Love can be: -n 16 -t 4 -e ,509.476146124392,1,1,0,0,1,0,1.0,0.0,0.0,1.0,0.0,0.0,1.0,-1.0,0.0,0.0,0.0,0.0,0.0,0.0,1230767.0,0.0,1230766.0,0.0,0.0,0.0,0.0,0.0,0.0,0.0,8.0,0.0,1048576.0,1230767.0,0.0,0.0,0.0,0.0,0.0,0.0,1.0,0.0,0.0,0.0,0.0,0.0,0.0,0.0,0.0,0.0,0.0,0.0,0.0,0.0,0.0,0.0,0.0,0.0,0.0,0.0,0.0,0.0,0.0,1230767.0,0.0,0.0,0.0,1.0,0.0,0.0,0.0,0.0,0.0,0.0,0.0
16,10803,64,827.2554421424866,/thfs3/home/stu2/vasp-6.3.2-gcc9.3.0-mpi-x/vasp ,274.0238802553313,17,4,9,2,11,6,1688.0,0.0,0.0,22153.0,33919.0,1330.0,3686.0,-17.0,0.0,0.0,0.0,0.0,0.0,5694.0,1096872629.0,1070870619.0,1016411478.0,1070862384.0,19228.0,33903.0,20489.0,33907.0,2.0,0.0,136.0,54323.0,17825792.0,156750.0,649475.0,1986.0,0.0,18403.0,0.0,1764.0,0.0,0.0,0.0,0.0,0.0,379.0,1128.0,30878.0,6.0,1528.0,0.0,0.0,0.0,0.0,0.0,608.0,560.0,552.0,481104.0,375.0,375.0,375.0,69.0,676119.0,662488.0,640547.0,638167.0,40034.0,10092.0,410.0,385.0,166.0,1553935.0,54.0,2018343353.0
17,10872,1,38.77934122085571,/thfs3/home/testpdl1/llama/llama.cpp.dsp/./build/bin/main -m /thfs3/home/testpdl1/llama/ggml.gguf -p What is Love? Love can be: -n 16 -t 4 -e ,195.1584872750337,1,1,0,0,1,0,1.0,0.0,0.0,1.0,0.0,0.0,1.0,-1.0,0.0,0.0,0.0,0.0,0.0,0.0,1230767.0,0.0,1230766.0,0.0,0.0,0.0,0.0,0.0,0.0,0.0,8.0,0.0,1048576.0,1230767.0,0.0,0.0,0.0,0.0,0.0,0.0,1.0,0.0,0.0,0.0,0.0,0.0,0.0,0.0,0.0,0.0,0.0,0.0,0.0,0.0,0.0,0.0,0.0,0.0,0.0,0.0,0.0,0.0,0.0,1230767.0,0.0,0.0,0.0,1.0,0.0,0.0,0.0,0.0,0.0,0.0,0.0
18,10872,1,37.93444108963013,/thfs3/home/testpdl1/llama/240205/llama.cpp.dsp/./build/bin/main -m /thfs3/home/testpdl1/llama/ggml.gguf -p What is Love? Love can be: -n 16 -t 4 -e ,175.16724800056372,1,1,0,0,1,0,1.0,0.0,0.0,1.0,0.0,0.0,1.0,-1.0,0.0,0.0,0.0,0.0,0.0,0.0,1242943.0,0.0,1242942.0,0.0,0.0,0.0,0.0,0.0,0.0,0.0,8.0,0.0,1048576.0,1242943.0,0.0,0.0,0.0,0.0,0.0,0.0,1.0,0.0,0.0,0.0,0.0,0.0,0.0,0.0,0.0,0.0,0.0,0.0,0.0,0.0,0.0,0.0,0.0,0.0,0.0,0.0,0.0,0.0,0.0,1242943.0,0.0,0.0,0.0,1.0,0.0,0.0,0.0,0.0,0.0,0.0,0.0
19,10872,1,36.00698924064636,/thfs3/home/testpdl1/llama/llama.cpp.dsp/./build/bin/main -m /thfs3/home/testpdl1/llama/ggml.gguf -p What is Love? Love can be: -n 16 -t 4 -e ,224.7257954078605,1,1,0,0,1,0,1.0,0.0,0.0,1.0,0.0,0.0,1.0,-1.0,0.0,0.0,0.0,0.0,0.0,0.0,1230767.0,0.0,1230766.0,0.0,0.0,0.0,0.0,0.0,0.0,0.0,8.0,0.0,1048576.0,1230767.0,0.0,0.0,0.0,0.0,0.0,0.0,1.0,0.0,0.0,0.0,0.0,0.0,0.0,0.0,0.0,0.0,0.0,0.0,0.0,0.0,0.0,0.0,0.0,0.0,0.0,0.0,0.0,0.0,0.0,1230767.0,0.0,0.0,0.0,1.0,0.0,0.0,0.0,0.0,0.0,0.0,0.0
20,10803,64,1028.888832807541,/thfs3/home/stu2/vasp-6.3.2-gcc9.3.0-mpi-x/vasp ,256.6142293600933,17,4,9,2,11,6,1688.0,0.0,0.0,22153.0,33921.0,1330.0,3686.0,-17.0,0.0,0.0,0.0,0.0,0.0,5694.0,1096872629.0,1066719757.0,1016411478.0,1066711522.0,19228.0,33905.0,20489.0,33909.0,2.0,0.0,136.0,54325.0,17825792.0,156750.0,647630.0,1986.0,0.0,18403.0,0.0,1764.0,0.0,0.0,0.0,0.0,0.0,755.0,378.0,31254.0,6.0,1528.0,0.0,0.0,0.0,0.0,0.0,608.0,560.0,552.0,481104.0,375.0,375.0,375.0,69.0,673274.0,659796.0,637522.0,635347.0,40034.0,10093.0,408.0,385.0,134.0,1553935.0,106.0,2014187833.0
21,10803,64,932.2712614536285,/thfs3/home/stu2/vasp-6.3.2-gcc9.3.0-mpi-x/vasp ,220.83611946328833,17,4,9,2,11,6,1688.0,0.0,0.0,22153.0,33544.0,1330.0,3686.0,-17.0,0.0,0.0,0.0,0.0,0.0,5694.0,1096872629.0,1064036018.0,1016411478.0,1064027783.0,19228.0,33528.0,20489.0,33532.0,2.0,0.0,136.0,53948.0,17825792.0,156750.0,157478.0,1986.0,0.0,18403.0,0.0,1764.0,0.0,0.0,0.0,0.0,0.0,4.0,1128.0,30878.0,6.0,1528.0,0.0,0.0,0.0,0.0,0.0,608.0,560.0,552.0,481104.0,375.0,375.0,375.0,69.0,671692.0,657540.0,635618.0,634004.0,40033.0,10092.0,409.0,384.0,99.0,1553935.0,173.0,2011506073.0
22,10872,1,0.17557692527770996,/thfs3/home/testpdl1/miniforge3/envs/torch2/bin/python -c import sys;print(sys.path) ,2.024000972543026,32,15,1,0,32,0,24.0,6.0,3.0,30.0,1.0,29.0,58.0,-32.0,0.0,0.0,0.0,0.0,0.0,0.0,174534.0,282.0,174519.0,281.0,15.0,0.0,15.0,0.0,0.0,14.0,256.0,15.0,30408701.0,174534.0,282.0,15.0,1.0,8.0,6.0,0.0,0.0,0.0,0.0,0.0,0.0,0.0,1.0,0.0,0.0,0.0,0.0,0.0,0.0,0.0,0.0,0.0,0.0,0.0,0.0,0.0,0.0,0.0,0.0,174816.0,0.0,0.0,0.0,16.0,0.0,0.0,0.0,0.0,0.0,0.0,0.0
23,10872,1,0.02083110809326172,/thfs3/home/testpdl1/miniforge3/envs/torch2/bin/python -c import sys;print(sys.path) ,9.0,1,0,1,0,1,0,1.0,1.0,0.0,0.0,11.0,0.0,0.0,-1.0,0.0,0.0,0.0,0.0,0.0,0.0,0.0,162.0,0.0,161.0,0.0,10.0,0.0,10.0,0.0,0.0,8.0,0.0,-1.0,0.0,20.0,0.0,0.0,0.0,0.0,0.0,0.0,0.0,0.0,0.0,0.0,11.0,0.0,0.0,0.0,0.0,0.0,0.0,0.0,0.0,0.0,0.0,0.0,0.0,0.0,0.0,0.0,0.0,0.0,1.0,20.0,16.0,27.0,3.0,2.0,2.0,1.0,0.0,0.0,0.0,0.0
24,10872,1,0.020034313201904297,/thfs3/home/testpdl1/miniforge3/envs/torch2/bin/python -c import sys;print(sys.path) ,10.285714285714286,1,0,1,0,1,0,1.0,1.0,0.0,0.0,11.0,0.0,0.0,-1.0,0.0,0.0,0.0,0.0,0.0,0.0,0.0,162.0,0.0,161.0,0.0,10.0,0.0,10.0,0.0,0.0,8.0,0.0,-1.0,0.0,20.0,0.0,0.0,0.0,0.0,0.0,0.0,0.0,0.0,0.0,0.0,11.0,0.0,0.0,0.0,0.0,0.0,0.0,0.0,0.0,0.0,0.0,0.0,0.0,0.0,0.0,0.0,0.0,0.0,1.0,20.0,16.0,27.0,3.0,2.0,2.0,1.0,0.0,0.0,0.0,0.0
25,10872,1,19.778870820999146,./build/bin/main -m /thfs3/home/testpdl1/llama/llama.cpp.dsp/models/7B/ggml-model-f16-transpose.gguf -p What is Love? Love can be: -n 16 -t 4 -e ,577.3074779377613,1,1,0,0,1,0,1.0,0.0,0.0,1.0,0.0,0.0,1.0,-1.0,0.0,0.0,0.0,0.0,0.0,0.0,1242943.0,0.0,1242942.0,0.0,0.0,0.0,0.0,0.0,0.0,0.0,8.0,0.0,1048576.0,1242943.0,0.0,0.0,0.0,0.0,0.0,0.0,1.0,0.0,0.0,0.0,0.0,0.0,0.0,0.0,0.0,0.0,0.0,0.0,0.0,0.0,0.0,0.0,0.0,0.0,0.0,0.0,0.0,0.0,0.0,1242943.0,0.0,0.0,0.0,1.0,0.0,0.0,0.0,0.0,0.0,0.0,0.0
26,10872,1,0.010888099670410156,/thfs3/home/testpdl1/miniforge3/envs/torch2/bin/python -c import sys;print(sys.path) ,6.75,1,0,1,0,1,0,1.0,1.0,0.0,0.0,11.0,0.0,0.0,-1.0,0.0,0.0,0.0,0.0,0.0,0.0,0.0,162.0,0.0,161.0,0.0,10.0,0.0,10.0,0.0,0.0,8.0,0.0,-1.0,0.0,21.0,0.0,0.0,0.0,0.0,0.0,0.0,0.0,0.0,0.0,0.0,11.0,0.0,0.0,0.0,0.0,0.0,0.0,0.0,0.0,0.0,0.0,0.0,0.0,0.0,0.0,0.0,0.0,0.0,1.0,20.0,16.0,27.0,3.0,2.0,2.0,1.0,0.0,0.0,0.0,0.0
27,10803,64,967.4768493175507,/thfs3/home/stu2/vasp-6.3.2-gcc9.3.0-mpi-x/vasp ,267.91991991309584,17,4,9,2,11,6,1688.0,0.0,0.0,22153.0,33919.0,1330.0,3686.0,-17.0,0.0,0.0,0.0,0.0,0.0,5694.0,1096872629.0,1064634554.0,1016411478.0,1064626319.0,19228.0,33903.0,20489.0,33907.0,2.0,0.0,136.0,54323.0,17825792.0,156750.0,161322.0,1986.0,0.0,18403.0,0.0,1764.0,0.0,0.0,0.0,0.0,0.0,379.0,753.0,31253.0,6.0,1528.0,0.0,0.0,0.0,0.0,0.0,608.0,560.0,552.0,481104.0,375.0,375.0,375.0,69.0,671805.0,658148.0,635858.0,633915.0,40034.0,10092.0,408.0,384.0,125.0,1553935.0,76.0,2012110073.0
28,10872,1,0.010904788970947266,/thfs3/home/testpdl1/miniforge3/envs/torch2/bin/python -u bert_train.py ,8.756756756756756,1,0,1,0,1,0,1.0,1.0,0.0,0.0,11.0,0.0,0.0,-1.0,0.0,0.0,0.0,0.0,0.0,0.0,0.0,162.0,0.0,161.0,0.0,10.0,0.0,10.0,0.0,0.0,8.0,0.0,-1.0,0.0,20.0,0.0,0.0,0.0,0.0,0.0,0.0,0.0,0.0,0.0,0.0,11.0,0.0,0.0,0.0,0.0,0.0,0.0,0.0,0.0,0.0,0.0,0.0,0.0,0.0,0.0,0.0,0.0,0.0,1.0,20.0,16.0,27.0,3.0,2.0,2.0,1.0,0.0,0.0,0.0,0.0
29,10872,1,19.22032117843628,/thfs3/home/testpdl1/llama/llama.cpp.dsp/./build/bin/main -m /thfs3/home/testpdl1/llama/ggml.gguf -p What is Love? Love can be: -n 16 -t 4 -e ,503.3686342006682,1,1,0,0,1,0,1.0,0.0,0.0,1.0,0.0,0.0,1.0,-1.0,0.0,0.0,0.0,0.0,0.0,0.0,1242943.0,0.0,1242942.0,0.0,0.0,0.0,0.0,0.0,0.0,0.0,8.0,0.0,1048576.0,1242943.0,0.0,0.0,0.0,0.0,0.0,0.0,1.0,0.0,0.0,0.0,0.0,0.0,0.0,0.0,0.0,0.0,0.0,0.0,0.0,0.0,0.0,0.0,0.0,0.0,0.0,0.0,0.0,0.0,0.0,1242943.0,0.0,0.0,0.0,1.0,0.0,0.0,0.0,0.0,0.0,0.0,0.0
30,10803,64,772.0882937908173,/thfs3/home/stu2/vasp-6.3.2-gcc9.3.0-mpi-x/vasp ,268.26739477244854,17,4,9,2,11,6,1688.0,0.0,0.0,22153.0,33917.0,1330.0,3686.0,-17.0,0.0,0.0,0.0,0.0,0.0,5694.0,1096872629.0,1063373236.0,1016411478.0,1063365001.0,19228.0,33901.0,20489.0,33905.0,2.0,0.0,136.0,54321.0,17825792.0,156750.0,644556.0,1986.0,0.0,18403.0,0.0,1764.0,0.0,0.0,0.0,0.0,0.0,379.0,378.0,31626.0,6.0,1528.0,0.0,0.0,0.0,0.0,0.0,608.0,560.0,552.0,481104.0,375.0,375.0,375.0,69.0,670880.0,656964.0,634727.0,633067.0,40033.0,10092.0,409.0,385.0,63.0,1553935.0,73.0,2010853753.0
31,10803,64,852.8154826164246,/thfs3/home/stu2/vasp-6.3.2-gcc9.3.0-mpi-x/vasp ,283.1821549035655,17,4,9,2,11,6,1688.0,0.0,0.0,22153.0,33545.0,1330.0,3686.0,-17.0,0.0,0.0,0.0,0.0,0.0,5694.0,1096872629.0,1066306791.0,1016411478.0,1066298556.0,19228.0,33529.0,20489.0,33533.0,2.0,0.0,136.0,53948.0,17825792.0,156750.0,646795.0,1986.0,0.0,18403.0,0.0,1764.0,0.0,0.0,0.0,0.0,0.0,4.0,1128.0,30879.0,6.0,1528.0,0.0,0.0,0.0,0.0,0.0,608.0,560.0,552.0,481104.0,375.0,375.0,375.0,69.0,673103.0,659316.0,637378.0,635523.0,40034.0,10091.0,409.0,384.0,93.0,1553935.0,110.0,2013777113.0
32,10872,1,19.54021120071411,/thfs3/home/testpdl1/llama/llama.cpp.dsp/./build/bin/main -m /thfs3/home/testpdl1/llama/ggml.gguf -p What is Love? Love can be: -n 16 -t 4 -e ,194.24217794436774,1,1,0,0,1,0,1.0,0.0,0.0,1.0,0.0,0.0,1.0,-1.0,0.0,0.0,0.0,0.0,0.0,0.0,1230767.0,0.0,1230766.0,0.0,0.0,0.0,0.0,0.0,0.0,0.0,8.0,0.0,1048576.0,1230767.0,0.0,0.0,0.0,0.0,0.0,0.0,1.0,0.0,0.0,0.0,0.0,0.0,0.0,0.0,0.0,0.0,0.0,0.0,0.0,0.0,0.0,0.0,0.0,0.0,0.0,0.0,0.0,0.0,0.0,1230767.0,0.0,0.0,0.0,1.0,0.0,0.0,0.0,0.0,0.0,0.0,0.0
33,10872,1,26.99894642829895,/thfs3/home/testpdl1/llama/llama.cpp.dsp/./build/bin/main -m /thfs3/home/testpdl1/llama/ggml.gguf -p What is Love? Love can be: -n 32 -t 4 -e ,645.5170085692029,1,1,0,0,1,0,1.0,0.0,0.0,1.0,0.0,0.0,1.0,-1.0,0.0,0.0,0.0,0.0,0.0,0.0,1242943.0,0.0,1242942.0,0.0,0.0,0.0,0.0,0.0,0.0,0.0,8.0,0.0,1048576.0,1242943.0,0.0,0.0,0.0,0.0,0.0,0.0,1.0,0.0,0.0,0.0,0.0,0.0,0.0,0.0,0.0,0.0,0.0,0.0,0.0,0.0,0.0,0.0,0.0,0.0,0.0,0.0,0.0,0.0,0.0,1242943.0,0.0,0.0,0.0,1.0,0.0,0.0,0.0,0.0,0.0,0.0,0.0
34,10803,64,878.1528661251068,/thfs3/home/stu2/vasp-6.3.2-gcc9.3.0-mpi-x/vasp ,273.1191993304734,17,4,9,2,11,6,1688.0,0.0,0.0,22153.0,33543.0,1330.0,3686.0,-17.0,0.0,0.0,0.0,0.0,0.0,5694.0,1096872629.0,1062457810.0,1016411478.0,1062449575.0,19228.0,33527.0,20489.0,33531.0,2.0,0.0,136.0,53947.0,17825792.0,148559.0,644729.0,1986.0,0.0,18403.0,0.0,1764.0,0.0,0.0,0.0,0.0,0.0,4.0,1128.0,30877.0,6.0,1528.0,0.0,0.0,0.0,0.0,0.0,608.0,560.0,552.0,481104.0,375.0,375.0,375.0,69.0,670373.0,656772.0,634903.0,633135.0,40034.0,10093.0,409.0,385.0,73.0,1553935.0,87.0,2009935673.0
35,10872,1,0.01070404052734375,/thfs3/home/testpdl1/miniforge3/envs/torch2/bin/python -u bert_train.py ,8.20253164556962,1,0,1,0,1,0,1.0,1.0,0.0,0.0,11.0,0.0,0.0,-1.0,0.0,0.0,0.0,0.0,0.0,0.0,0.0,162.0,0.0,161.0,0.0,10.0,0.0,10.0,0.0,0.0,8.0,0.0,-1.0,0.0,20.0,0.0,0.0,0.0,0.0,0.0,0.0,0.0,0.0,0.0,0.0,11.0,0.0,0.0,0.0,0.0,0.0,0.0,0.0,0.0,0.0,0.0,0.0,0.0,0.0,0.0,0.0,0.0,0.0,1.0,20.0,16.0,27.0,3.0,2.0,2.0,1.0,0.0,0.0,0.0,0.0
36,10872,1,19.19107937812805,/thfs3/home/testpdl1/llama/llama.cpp.dsp/./build/bin/main -m /thfs3/home/testpdl1/llama/ggml.gguf -p What is Love? Love can be: -n 16 -t 4 -e ,176.39154190023416,1,1,0,0,1,0,1.0,0.0,0.0,1.0,0.0,0.0,1.0,-1.0,0.0,0.0,0.0,0.0,0.0,0.0,1242943.0,0.0,1242942.0,0.0,0.0,0.0,0.0,0.0,0.0,0.0,8.0,0.0,1048576.0,1242943.0,0.0,0.0,0.0,0.0,0.0,0.0,1.0,0.0,0.0,0.0,0.0,0.0,0.0,0.0,0.0,0.0,0.0,0.0,0.0,0.0,0.0,0.0,0.0,0.0,0.0,0.0,0.0,0.0,0.0,1242943.0,0.0,0.0,0.0,1.0,0.0,0.0,0.0,0.0,0.0,0.0,0.0
37,10872,1,0.01105952262878418,/thfs3/home/testpdl1/miniforge3/envs/torch2/bin/python -u bert_train.py ,12.96,1,0,1,0,1,0,1.0,1.0,0.0,0.0,11.0,0.0,0.0,-1.0,0.0,0.0,0.0,0.0,0.0,0.0,0.0,162.0,0.0,161.0,0.0,10.0,0.0,10.0,0.0,0.0,8.0,0.0,-1.0,0.0,20.0,0.0,0.0,0.0,0.0,0.0,0.0,0.0,0.0,0.0,0.0,11.0,0.0,0.0,0.0,0.0,0.0,0.0,0.0,0.0,0.0,0.0,0.0,0.0,0.0,0.0,0.0,0.0,0.0,1.0,20.0,16.0,27.0,3.0,2.0,2.0,1.0,0.0,0.0,0.0,0.0
38,10872,1,39.73281741142273,/thfs3/home/testpdl1/llama/llama.cpp.dsp/./build/bin/main -m /thfs3/home/testpdl1/llama/ggml.gguf -p What is Love? Love can be: -n 16 -t 4 -e ,178.25577521906004,1,1,0,0,1,0,1.0,0.0,0.0,1.0,0.0,0.0,1.0,-1.0,0.0,0.0,0.0,0.0,0.0,0.0,1230767.0,0.0,1230766.0,0.0,0.0,0.0,0.0,0.0,0.0,0.0,8.0,0.0,1048576.0,1230767.0,0.0,0.0,0.0,0.0,0.0,0.0,1.0,0.0,0.0,0.0,0.0,0.0,0.0,0.0,0.0,0.0,0.0,0.0,0.0,0.0,0.0,0.0,0.0,0.0,0.0,0.0,0.0,0.0,0.0,1230767.0,0.0,0.0,0.0,1.0,0.0,0.0,0.0,0.0,0.0,0.0,0.0
39,10872,1,53.349955558776855,/thfs3/home/testpdl1/miniforge3/envs/torch=2.1/bin/python3 convert.py models/7B/ ,403.36701209837184,454,207,2,0,454,0,294.0,84.0,3.0,1443.0,624.0,3498.0,865.0,-454.0,0.0,0.0,0.0,0.0,0.0,438.0,16079639868.0,808022.0,13481859667.0,808020.0,490.0,622.0,928.0,622.0,0.0,220.0,3632.0,1236.0,472907773.0,8622979.0,133.0,212.0,19.0,137.0,107.0,4.0,738.0,0.0,224.0,2.0,0.0,39.0,583.0,0.0,1.0,1.0,0.0,0.0,0.0,0.0,0.0,434128256.0,492848512.0,400590208.0,467682688.0,7.0,6.0,5.0,4.0,9346789.0,33571929.0,88080526.0,29360243.0,1295.0,213.0,174.0,112.0,0.0,0.0,0.0,0.0
40,10872,1,0.03325676918029785,/thfs3/home/testpdl1/miniforge3/envs/torch2/bin/python -c import sys;print(sys.path) ,9.671641791044776,1,0,1,0,1,0,1.0,1.0,0.0,0.0,11.0,0.0,0.0,-1.0,0.0,0.0,0.0,0.0,0.0,0.0,0.0,162.0,0.0,161.0,0.0,10.0,0.0,10.0,0.0,0.0,8.0,0.0,-1.0,0.0,20.0,0.0,0.0,0.0,0.0,0.0,0.0,0.0,0.0,0.0,0.0,11.0,0.0,0.0,0.0,0.0,0.0,0.0,0.0,0.0,0.0,0.0,0.0,0.0,0.0,0.0,0.0,0.0,0.0,1.0,20.0,16.0,27.0,3.0,2.0,2.0,1.0,0.0,0.0,0.0,0.0
41,10803,64,920.1397609710693,/thfs3/home/stu2/vasp-6.3.2-gcc9.3.0-mpi-x/vasp ,260.9762775075726,17,4,9,2,11,6,1688.0,0.0,0.0,22153.0,33919.0,1330.0,3686.0,-17.0,0.0,0.0,0.0,0.0,0.0,5694.0,1096872629.0,1064151354.0,1016411478.0,1064143119.0,19228.0,33903.0,20489.0,33907.0,2.0,0.0,136.0,54323.0,17825792.0,156750.0,644857.0,1986.0,0.0,18403.0,0.0,1764.0,0.0,0.0,0.0,0.0,0.0,379.0,753.0,31253.0,6.0,1528.0,0.0,0.0,0.0,0.0,0.0,608.0,560.0,552.0,481104.0,375.0,375.0,375.0,69.0,671485.0,657796.0,635346.0,633691.0,40034.0,10092.0,408.0,384.0,111.0,1553935.0,44.0,2011626873.0
42,10872,1,0.010807991027832031,/thfs3/home/testpdl1/miniforge3/envs/torch2/bin/python -c import sys;print(sys.path) ,12.461538461538462,1,0,1,0,1,0,1.0,1.0,0.0,0.0,11.0,0.0,0.0,-1.0,0.0,0.0,0.0,0.0,0.0,0.0,0.0,162.0,0.0,161.0,0.0,10.0,0.0,10.0,0.0,0.0,8.0,0.0,-1.0,0.0,20.0,0.0,0.0,0.0,0.0,0.0,0.0,0.0,0.0,0.0,0.0,11.0,0.0,0.0,0.0,0.0,0.0,0.0,0.0,0.0,0.0,0.0,0.0,0.0,0.0,0.0,0.0,0.0,0.0,1.0,20.0,16.0,27.0,3.0,2.0,2.0,1.0,0.0,0.0,0.0,0.0
43,10872,1,19.98117232322693,/thfs3/home/testpdl1/llama/llama.cpp.dsp/./build/bin/main -m /thfs3/home/testpdl1/llama/ggml.gguf -p What is Love? Love can be: -n 16 -t 4 -e ,475.22194609061364,1,1,0,0,1,0,1.0,0.0,0.0,1.0,0.0,0.0,1.0,-1.0,0.0,0.0,0.0,0.0,0.0,0.0,1242943.0,0.0,1242942.0,0.0,0.0,0.0,0.0,0.0,0.0,0.0,8.0,0.0,1048576.0,1242943.0,0.0,0.0,0.0,0.0,0.0,0.0,1.0,0.0,0.0,0.0,0.0,0.0,0.0,0.0,0.0,0.0,0.0,0.0,0.0,0.0,0.0,0.0,0.0,0.0,0.0,0.0,0.0,0.0,0.0,1242943.0,0.0,0.0,0.0,1.0,0.0,0.0,0.0,0.0,0.0,0.0,0.0
44,10872,1,0.010537147521972656,/thfs3/home/testpdl1/miniforge3/envs/torch2/bin/python -u bert_train.py ,10.983050847457626,1,0,1,0,1,0,1.0,1.0,0.0,0.0,11.0,0.0,0.0,-1.0,0.0,0.0,0.0,0.0,0.0,0.0,0.0,162.0,0.0,161.0,0.0,10.0,0.0,10.0,0.0,0.0,8.0,0.0,-1.0,0.0,20.0,0.0,0.0,0.0,0.0,0.0,0.0,0.0,0.0,0.0,0.0,11.0,0.0,0.0,0.0,0.0,0.0,0.0,0.0,0.0,0.0,0.0,0.0,0.0,0.0,0.0,0.0,0.0,0.0,1.0,20.0,16.0,27.0,3.0,2.0,2.0,1.0,0.0,0.0,0.0,0.0
45,10872,1,0.011133909225463867,/thfs3/home/testpdl1/miniforge3/envs/torch2/bin/python -c import sys;print(sys.path) ,9.257142857142858,1,0,1,0,1,0,1.0,1.0,0.0,0.0,11.0,0.0,0.0,-1.0,0.0,0.0,0.0,0.0,0.0,0.0,0.0,162.0,0.0,161.0,0.0,10.0,0.0,10.0,0.0,0.0,8.0,0.0,-1.0,0.0,20.0,0.0,0.0,0.0,0.0,0.0,0.0,0.0,0.0,0.0,0.0,11.0,0.0,0.0,0.0,0.0,0.0,0.0,0.0,0.0,0.0,0.0,0.0,0.0,0.0,0.0,0.0,0.0,0.0,1.0,20.0,16.0,27.0,3.0,2.0,2.0,1.0,0.0,0.0,0.0,0.0
46,10803,64,971.8310189247131,/thfs3/home/stu2/vasp-6.3.2-gcc9.3.0-mpi-x/vasp ,260.93983225094934,17,4,9,2,11,6,1688.0,0.0,0.0,22153.0,33921.0,1330.0,3686.0,-17.0,0.0,0.0,0.0,0.0,0.0,5694.0,1096872629.0,1065463611.0,1016411478.0,1065455376.0,19228.0,33905.0,20489.0,33909.0,2.0,0.0,136.0,54325.0,17825792.0,156750.0,157363.0,1986.0,0.0,18403.0,0.0,1764.0,0.0,0.0,0.0,0.0,0.0,380.0,753.0,31254.0,6.0,1528.0,0.0,0.0,0.0,0.0,0.0,608.0,560.0,552.0,481104.0,375.0,375.0,375.0,69.0,672535.0,658724.0,636386.0,634614.0,40035.0,10092.0,409.0,384.0,43.0,1553935.0,129.0,2012931513.0
47,10872,1,19.25000238418579,/thfs3/home/testpdl1/llama/llama.cpp.dsp/./build/bin/main -m /thfs3/home/testpdl1/llama/ggml.gguf -p What is Love? Love can be: -n 16 -t 4 -e ,485.524609375,1,1,0,0,1,0,1.0,0.0,0.0,1.0,0.0,0.0,1.0,-1.0,0.0,0.0,0.0,0.0,0.0,0.0,1242943.0,0.0,1242942.0,0.0,0.0,0.0,0.0,0.0,0.0,0.0,8.0,0.0,1048576.0,1242943.0,0.0,0.0,0.0,0.0,0.0,0.0,1.0,0.0,0.0,0.0,0.0,0.0,0.0,0.0,0.0,0.0,0.0,0.0,0.0,0.0,0.0,0.0,0.0,0.0,0.0,0.0,0.0,0.0,0.0,1242943.0,0.0,0.0,0.0,1.0,0.0,0.0,0.0,0.0,0.0,0.0,0.0
48,10872,1,0.01040792465209961,/thfs3/home/testpdl1/miniforge3/envs/torch2/bin/python -c import sys;print(sys.path) ,12.0,1,0,1,0,1,0,1.0,1.0,0.0,0.0,11.0,0.0,0.0,-1.0,0.0,0.0,0.0,0.0,0.0,0.0,0.0,162.0,0.0,161.0,0.0,10.0,0.0,10.0,0.0,0.0,8.0,0.0,-1.0,0.0,20.0,0.0,0.0,0.0,0.0,0.0,0.0,0.0,0.0,0.0,0.0,11.0,0.0,0.0,0.0,0.0,0.0,0.0,0.0,0.0,0.0,0.0,0.0,0.0,0.0,0.0,0.0,0.0,0.0,1.0,20.0,16.0,27.0,3.0,2.0,2.0,1.0,0.0,0.0,0.0,0.0
49,10872,1,0.020518779754638672,/thfs3/home/testpdl1/miniforge3/envs/torch2/bin/python -c import sys;print(sys.path) ,10.451612903225806,1,0,1,0,1,0,1.0,1.0,0.0,0.0,11.0,0.0,0.0,-1.0,0.0,0.0,0.0,0.0,0.0,0.0,0.0,162.0,0.0,161.0,0.0,10.0,0.0,10.0,0.0,0.0,8.0,0.0,-1.0,0.0,20.0,0.0,0.0,0.0,0.0,0.0,0.0,0.0,0.0,0.0,0.0,11.0,0.0,0.0,0.0,0.0,0.0,0.0,0.0,0.0,0.0,0.0,0.0,0.0,0.0,0.0,0.0,0.0,0.0,1.0,20.0,16.0,27.0,3.0,2.0,2.0,1.0,0.0,0.0,0.0,0.0
50,10872,1,26.97938561439514,/thfs3/home/testpdl1/llama/llama.cpp.dsp/./build/bin/main -m /thfs3/home/testpdl1/llama/ggml.gguf -p What is Love? Love can be: -n 32 -t 4 -e ,505.7753814852492,1,1,0,0,1,0,1.0,0.0,0.0,1.0,0.0,0.0,1.0,-1.0,0.0,0.0,0.0,0.0,0.0,0.0,1242943.0,0.0,1242942.0,0.0,0.0,0.0,0.0,0.0,0.0,0.0,8.0,0.0,1048576.0,1242943.0,0.0,0.0,0.0,0.0,0.0,0.0,1.0,0.0,0.0,0.0,0.0,0.0,0.0,0.0,0.0,0.0,0.0,0.0,0.0,0.0,0.0,0.0,0.0,0.0,0.0,0.0,0.0,0.0,0.0,1242943.0,0.0,0.0,0.0,1.0,0.0,0.0,0.0,0.0,0.0,0.0,0.0
51,10803,32,2431.8430802822113,/thfs3/home/stu2/vasp-6.3.2-gcc9.3.0-mpi-x/vasp ,247.85715029643166,18,5,10,1,11,7,1031.0,0.0,0.0,12940.0,15642.0,137.0,2372.0,-18.0,0.0,0.0,0.0,0.0,0.0,5694.0,761697696.0,787557588.0,711235223.0,787548353.0,11891.0,15611.0,11980.0,15627.0,1.0,0.0,144.0,27605.0,18874368.0,142877.0,112787.0,2112.0,0.0,5312.0,1.0,5515.0,0.0,0.0,0.0,0.0,0.0,6.0,12.0,6470.0,9154.0,0.0,0.0,0.0,0.0,0.0,0.0,384.0,128.0,256.0,38784.0,30.0,15.0,8.0,1.0,127942.0,162639.0,81699.0,16779.0,20490.0,5991.0,37.0,30.0,32.0,1604929.0,89.0,1485925155.0
52,10872,1,0.010049104690551758,python test.py --model_name bert-large-uncased --train_file ./test_hdf5_128 --cache_dir ./bert-large/ --output_dir ./output --remove_unused_columns false --per_device_train_batch_size 2 --gradient_accumulation_steps 1 --overwrite_output_dir --max_steps 10 --num_train_epochs 1 --max_seq_length 128 --do_train true ,1.5,2,0,1,0,2,0,1.0,1.0,0.0,0.0,11.0,0.0,1.0,-2.0,0.0,0.0,0.0,0.0,0.0,0.0,0.0,162.0,0.0,161.0,0.0,10.0,0.0,10.0,0.0,0.0,16.0,0.0,1048575.0,0.0,21.0,0.0,0.0,0.0,0.0,0.0,0.0,0.0,0.0,0.0,0.0,11.0,0.0,0.0,0.0,0.0,0.0,0.0,0.0,0.0,0.0,0.0,0.0,0.0,0.0,0.0,0.0,0.0,0.0,1.0,20.0,16.0,27.0,3.0,2.0,2.0,1.0,0.0,0.0,0.0,0.0
53,10872,1,21.3447265625,/thfs3/home/testpdl1/llama/llama.cpp.dsp/./build/bin/main -m /thfs3/home/testpdl1/llama/ggml.gguf -p What is Love? Love can be: -n 16 -t 4 -e ,515.8285834031852,1,1,0,0,1,0,1.0,0.0,0.0,1.0,0.0,0.0,1.0,-1.0,0.0,0.0,0.0,0.0,0.0,0.0,1230767.0,0.0,1230766.0,0.0,0.0,0.0,0.0,0.0,0.0,0.0,8.0,0.0,1048576.0,1230767.0,0.0,0.0,0.0,0.0,0.0,0.0,1.0,0.0,0.0,0.0,0.0,0.0,0.0,0.0,0.0,0.0,0.0,0.0,0.0,0.0,0.0,0.0,0.0,0.0,0.0,0.0,0.0,0.0,0.0,1230767.0,0.0,0.0,0.0,1.0,0.0,0.0,0.0,0.0,0.0,0.0,0.0
54,10803,64,834.3201942443848,/thfs3/home/stu2/vasp-6.3.2-gcc9.3.0-mpi-x/vasp ,261.6450972706253,17,4,9,2,11,6,1688.0,0.0,0.0,22153.0,33542.0,1330.0,3686.0,-17.0,0.0,0.0,0.0,0.0,0.0,5694.0,1096872629.0,1063639064.0,1016411478.0,1063630829.0,19228.0,33526.0,20489.0,33530.0,2.0,0.0,136.0,53946.0,17825792.0,156750.0,645420.0,1986.0,0.0,18403.0,0.0,1764.0,0.0,0.0,0.0,0.0,0.0,4.0,1128.0,30876.0,6.0,1528.0,0.0,0.0,0.0,0.0,0.0,608.0,560.0,552.0,481104.0,375.0,375.0,375.0,69.0,671064.0,657252.0,635399.0,633683.0,40033.0,10092.0,409.0,385.0,97.0,1553935.0,42.0,2011119513.0
55,10803,64,885.6234693527222,/thfs3/home/stu2/vasp-6.3.2-gcc9.3.0-mpi-x/vasp ,266.20102413264203,17,4,9,2,11,6,1688.0,0.0,0.0,22153.0,33545.0,1330.0,3686.0,-17.0,0.0,0.0,0.0,0.0,0.0,5694.0,1096872629.0,1061987596.0,1016411478.0,1061979361.0,19228.0,33529.0,20489.0,33533.0,2.0,0.0,136.0,53949.0,17825792.0,156750.0,644506.0,1986.0,0.0,18403.0,0.0,1764.0,0.0,0.0,0.0,0.0,0.0,4.0,1128.0,30879.0,6.0,1528.0,0.0,0.0,0.0,0.0,0.0,608.0,560.0,552.0,481104.0,375.0,375.0,375.0,69.0,670518.0,656452.0,634530.0,632886.0,40033.0,10093.0,409.0,384.0,106.0,1553935.0,126.0,2009452473.0
56,10872,1,19.376502990722656,/thfs3/home/testpdl1/llama/llama.cpp.dsp/./build/bin/main -m /thfs3/home/testpdl1/llama/ggml.gguf -p What is Love? Love can be: -n 16 -t 4 -e ,154.9498929875362,1,1,0,0,1,0,1.0,0.0,0.0,1.0,0.0,0.0,1.0,-1.0,0.0,0.0,0.0,0.0,0.0,0.0,1230767.0,0.0,1230766.0,0.0,0.0,0.0,0.0,0.0,0.0,0.0,8.0,0.0,1048576.0,1230767.0,0.0,0.0,0.0,0.0,0.0,0.0,1.0,0.0,0.0,0.0,0.0,0.0,0.0,0.0,0.0,0.0,0.0,0.0,0.0,0.0,0.0,0.0,0.0,0.0,0.0,0.0,0.0,0.0,0.0,1230767.0,0.0,0.0,0.0,1.0,0.0,0.0,0.0,0.0,0.0,0.0,0.0
57,10872,1,20.343173027038574,/thfs3/home/testpdl1/llama/llama.cpp.dsp/./build/bin/main -m /thfs3/home/testpdl1/llama/ggml.gguf -p What is Love? Love can be: -n 16 -t 4 -e ,591.3847983823005,1,1,0,0,1,0,1.0,0.0,0.0,1.0,0.0,0.0,1.0,-1.0,0.0,0.0,0.0,0.0,0.0,0.0,1242943.0,0.0,1242942.0,0.0,0.0,0.0,0.0,0.0,0.0,0.0,8.0,0.0,1048576.0,1242943.0,0.0,0.0,0.0,0.0,0.0,0.0,1.0,0.0,0.0,0.0,0.0,0.0,0.0,0.0,0.0,0.0,0.0,0.0,0.0,0.0,0.0,0.0,0.0,0.0,0.0,0.0,0.0,0.0,0.0,1242943.0,0.0,0.0,0.0,1.0,0.0,0.0,0.0,0.0,0.0,0.0,0.0
58,10872,1,50.40696382522583,/thfs3/home/testpdl1/llama/llama.cpp.dsp/./build/bin/main -m /thfs3/home/testpdl1/llama/ggml.gguf -p What is Love? Love can be: -n 32 -t 4 -e ,164.31807515616222,1,1,0,0,1,0,1.0,0.0,0.0,1.0,0.0,0.0,1.0,-1.0,0.0,0.0,0.0,0.0,0.0,0.0,1242943.0,0.0,1242942.0,0.0,0.0,0.0,0.0,0.0,0.0,0.0,8.0,0.0,1048576.0,1242943.0,0.0,0.0,0.0,0.0,0.0,0.0,1.0,0.0,0.0,0.0,0.0,0.0,0.0,0.0,0.0,0.0,0.0,0.0,0.0,0.0,0.0,0.0,0.0,0.0,0.0,0.0,0.0,0.0,0.0,1242943.0,0.0,0.0,0.0,1.0,0.0,0.0,0.0,0.0,0.0,0.0,0.0
